temperature,humidity,ph,rainfall,label
20.87974371,82.00274423,6.502985292,202.9355362,paddy
21.77046169,80.31964408,7.038096361,226.6555374,paddy
23.00445915,82.3207629,7.840207144,263.9642476,paddy
26.49109635,80.15836264,6.980400905,242.8640342,paddy
20.13017482,81.60487287,7.628472891,262.7173405,paddy
23.05804872,83.37011772,7.073453503,251.0549998,paddy
22.70883798,82.63941394,5.70080568,271.3248604,paddy
20.27774362,82.89408619,5.718627178,241.9741949,paddy
24.51588066,83.5352163,6.685346424,230.4462359,paddy
23.22397386,83.03322691,6.336253525,221.2091958,paddy
26.52723513,81.41753846,5.386167788,264.6148697,paddy
23.97898217,81.45061596,7.50283396,250.0832336,paddy
26.80079604,80.88684822,5.108681786,284.4364567,paddy
24.01497622,82.05687182,6.98435366,185.2773389,paddy
25.66585205,80.66385045,6.94801983,209.5869708,paddy
24.28209415,80.30025587,7.042299069,231.0863347,paddy
21.58711777,82.7883708,6.249050656,276.6552459,paddy
23.79391957,80.41817957,6.970859754,206.2611855,paddy
21.8652524,80.1923008,5.953933276,224.5550169,paddy
23.57943626,83.58760316,5.85393208,291.2986618,paddy
21.32504158,80.47476396,6.442475375,185.4974732,paddy
25.15745531,83.11713476,5.070175667,231.3843163,paddy
21.94766735,80.97384195,6.012632591,213.3560921,paddy
21.0525355,82.67839517,6.254028451,233.1075816,paddy
23.48381344,81.33265073,7.375482851,224.0581164,paddy
25.0756354,80.52389148,7.778915154,257.0038865,paddy
26.35927159,84.04403589,6.286500176,271.3586137,paddy
24.52922681,80.54498576,7.070959995,260.2634026,paddy
20.77576147,84.49774397,6.244841491,240.0810647,paddy
22.30157427,80.64416466,6.043304899,197.9791215,paddy
21.44653958,84.94375962,5.824709117,272.2017204,paddy
22.17931888,80.33127223,6.357389366,200.0882787,paddy
24.52783742,82.73685569,6.364134968,224.6757231,paddy
20.26707606,81.63895217,5.01450727,270.4417274,paddy
25.7354293,83.88266234,6.149410611,233.1321372,paddy
26.79533926,82.1480873,5.950660556,193.3473987,paddy
26.75754171,81.17734011,5.960370061,272.2999056,paddy
23.86330467,83.15250801,5.561398642,285.2493645,paddy
21.01944696,82.95221726,7.416245107,298.4018471,paddy
24.17298839,83.7287574,5.583370042,257.0343554,paddy
22.78133816,82.06719137,6.430010215,248.7183228,paddy
25.62980105,83.52842314,5.534878156,209.9001977,paddy
25.59704938,80.14509262,6.903985986,200.834898,paddy
23.83067496,84.81360127,6.271478838,298.5601175,paddy
26.31355498,82.36698992,7.224285503,265.5355937,paddy
24.8972823,80.52586088,6.13428721,183.6793207,paddy
24.958779,84.47963372,5.206373153,196.9560008,paddy
23.24113501,84.59201843,7.782051313,233.0453455,paddy
21.66628296,80.70960551,7.062779015,210.8142087,paddy
24.63544858,80.41363018,7.730367824,253.7202781,paddy
23.43121862,83.06310136,5.286203711,219.9048349,paddy
20.0454142,80.3477562,6.766240045,208.5810155,paddy
23.85724032,82.22572988,7.382762603,195.0948311,paddy
21.97199397,81.89918197,5.658169482,227.3637009,paddy
26.22916897,83.83625819,5.543360238,286.5083725,paddy
23.44676801,84.79352417,6.215109715,283.9338466,paddy
25.65553461,83.47021081,7.120272972,217.3788583,paddy
24.44345477,82.45432595,5.950647577,267.9761948,paddy
20.2801937,82.1235421,7.236705436,191.9535738,paddy
21.7238313,80.2389895,6.501697816,277.9626192,paddy
20.41447029,82.20802629,7.592490617,245.1511304,paddy
25.75528612,83.51827127,5.875345751,245.6626799,paddy
20.61521424,83.77345559,6.932400225,279.5451717,paddy
21.84106875,80.72886384,6.946209881,202.3838319,paddy
20.08369642,83.29114712,5.739175027,263.6372176,paddy
24.45802087,82.74835604,6.738652179,182.5616319,paddy
21.14347496,80.33502926,5.594819626,198.6730942,paddy
25.78720567,82.11124033,6.946636369,243.5120414,paddy
23.64124821,80.28597873,5.012139669,263.1103304,paddy
23.43191632,80.56887849,6.363472208,269.5039162,paddy
24.97669518,83.891805,6.880431223,204.8001847,paddy
22.72791041,82.1706881,7.300410836,260.8875056,paddy
24.87300744,82.84022551,6.587918708,295.6094492,paddy
21.32376327,83.00320459,7.283736617,192.3197536,paddy
26.29465461,84.56919326,7.023936392,257.4914906,paddy
22.2286982,81.85872947,6.939083505,278.0791793,paddy
26.73072391,81.78596776,7.868474653,280.4044392,paddy
24.88921174,81.97927117,5.005306977,185.9461429,paddy
26.88444878,81.46033732,6.136131869,194.5766559,paddy
22.67846116,83.72874389,7.524080076,200.9133156,paddy
26.08867875,80.37979919,5.706943251,182.9043504,paddy
25.42977518,82.94682591,5.758506323,195.3574542,paddy
26.40323239,81.05635517,6.349606327,223.3671883,paddy
26.04371967,84.96907151,5.999969026,186.7536773,paddy
25.2827223,80.54372813,5.453592032,220.1156708,paddy
22.08576562,83.47038318,6.372576327,231.7364957,paddy
23.28617173,81.43321641,5.105588355,242.3170629,paddy
25.48591986,81.40633547,5.935344406,182.6549356,paddy
23.67575393,81.03569343,5.17782304,233.7034975,paddy
20.82477109,84.1341879,6.462391607,230.2242223,paddy
26.92995077,81.91411159,7.069172227,290.6793783,paddy
23.83509503,83.88387074,7.473134377,241.2013513,paddy
26.52872817,80.12267476,6.158376967,218.9163567,paddy
26.46428311,83.85642678,7.549873681,248.2256491,paddy
22.69657794,82.81088865,6.028321558,256.9964761,paddy
22.68319059,83.46358271,6.604993475,194.2651719,paddy
21.53346343,82.14004101,6.500343222,295.9248796,paddy
21.40865769,83.3293191,5.935745417,287.5766935,paddy
26.54348085,84.67353597,7.072655622,183.6222657,paddy
23.35905428,83.59512273,5.333322606,188.413665,paddy
31.48468379,50.66105961,6.898283926,78.67221693,wheat
23.22281906,59.31511313,6.277126912,108.6591857,wheat
22.72115394,59.08183914,6.777815868,96.15004854,wheat
29.1445857,52.03325153,6.636011826,83.12920841,wheat
22.45072926,59.95707274,6.621852926,102.5746649,wheat
33.86234244,51.18584832,6.534570427,100.9176088,wheat
26.64588548,57.80160525,6.86457445,101.2399862,wheat
29.36844736,54.46588987,6.661889181,146.9927661,wheat
32.88585306,53.10941724,6.403792662,82.66761245,wheat
26.16451456,58.42549605,6.478950147,114.523192,wheat
32.7874383,52.10621259,6.46287051,137.3148173,wheat
30.85433994,54.23237016,6.325581948,158.335716,wheat
32.81296537,59.77332042,6.36961687,135.892958,wheat
21.63742097,52.15672023,6.904246873,127.94704,wheat
21.56081364,58.24317828,6.641266386,120.3062225,wheat
24.91898014,56.57494308,6.577047814,157.6254107,wheat
23.3675234,51.44040522,6.290553118,119.4179161,wheat
32.61168513,53.43450388,6.432582812,129.0833029,wheat
32.98761855,56.91380716,6.720389552,157.8209829,wheat
21.1671627,50.76765874,6.917991832,84.09900369,wheat
32.29245075,57.77217857,6.176585923,107.7013803,wheat
31.85745209,58.78096546,6.767201101,139.4082228,wheat
20.46228174,52.60336141,6.358830803,88.64082953,wheat
30.20210041,50.1380326,6.408720502,159.637369,wheat
32.83804521,57.00195681,6.054040722,138.8577307,wheat
28.64841334,56.59916797,6.53954388,136.3002864,wheat
33.20749638,52.51777152,6.54841022,158.9074287,wheat
30.8789865,58.21944052,6.546858671,104.7971044,wheat
23.26796952,55.62757951,6.230511475,144.790146,wheat
26.92593036,54.04316819,6.593136467,102.9943581,wheat
33.95209584,59.4699163,6.640428943,133.3803746,wheat
20.09136946,53.97223311,6.207077353,125.2942205,wheat
26.08577313,56.06768745,6.00834863,152.0998446,wheat
22.09104373,56.25209511,6.875602788,84.30277408,wheat
33.95105177,54.15593399,6.377430001,159.7094503,wheat
28.53146346,51.51158498,6.86342785,79.13672088,wheat
28.00510977,55.17019342,6.830847712,115.4433552,wheat
27.04402781,59.13144774,6.253928101,144.133609,wheat
33.13479807,50.01891663,6.689747085,102.0858776,wheat
31.61960395,51.08614902,6.583213487,135.2358305,wheat
27.50568957,54.01820397,6.161839979,114.8541306,wheat
24.33278733,56.12417545,6.103348652,109.1351681,wheat
28.72164631,59.37579557,6.743792045,121.4840528,wheat
25.28101255,51.19969856,6.291139182,96.52795631,wheat
30.83055881,56.65623952,6.477394823,153.4808896,wheat
24.78475421,54.86675337,6.324058546,161.7501599,wheat
21.2500493,50.54668411,6.395707486,76.73202842,wheat
22.71147615,51.51443588,6.187386059,82.51483333,wheat
28.98830116,57.96458855,6.598386095,154.1027485,wheat
26.66935651,54.10971217,6.094391879,77.69415355,wheat
26.44910438,51.15043087,6.364014181,85.87718731,wheat
25.15272442,51.54767082,6.092065594,100.0629969,wheat
22.15367553,58.34318338,6.624886074,105.7586828,wheat
22.16269576,58.90741579,6.540173202,103.4171832,wheat
25.99183159,52.61899038,6.60246342,124.9172678,wheat
27.65509604,53.92601391,6.276107098,85.77839497,wheat
28.59943017,57.85268636,6.159415985,146.3208345,wheat
21.80851548,50.5096322,6.506951286,138.213473,wheat
24.586226,50.25912969,6.507618946,98.73003058,wheat
28.75736442,58.85227538,6.226465334,116.1287685,wheat
25.53649642,53.97363189,6.178633084,89.72013147,wheat
28.86914133,50.50983056,6.457965853,89.11392893,wheat
23.20653917,57.75517139,6.326077291,135.6644149,wheat
30.03447137,57.16714071,6.66999862,128.2064115,wheat
22.69094467,53.86422324,6.213296759,140.4013334,wheat
21.8236595,59.64581441,6.849236311,139.1544624,wheat
21.73121202,55.21660738,6.321308622,123.9601092,wheat
31.76167796,57.72743864,6.198411713,82.10434989,wheat
31.32720734,54.17967763,6.621678462,144.8018325,wheat
32.25321056,53.68391381,6.804891621,106.0760607,wheat
20.40661421,55.50882624,6.476640786,100.659201,wheat
28.9138963,54.10859843,6.289688565,153.1256813,wheat
21.3272581,50.74277753,6.032033678,86.54737814,wheat
23.41584543,59.98962806,6.211739299,131.959498,wheat
33.8708865,56.78024695,6.756850847,91.72867099,wheat
23.92271434,52.27758641,6.755050225,137.3473567,wheat
23.57774533,55.62655185,6.563359708,141.3680666,wheat
23.9388272,54.87291737,6.901182568,146.6616428,wheat
22.71215545,54.72066163,6.002569182,94.83486133,wheat
27.62626513,52.23017432,6.422694318,100.3168624,wheat
30.88267511,52.69713089,6.97323945,162.9129631,wheat
21.61239794,57.22063124,6.477667597,141.8402571,wheat
33.70567542,56.05223695,6.626533863,118.5550251,wheat
29.89576763,58.17888122,6.949032941,159.9218668,wheat
28.39103747,56.64521207,6.268937169,138.0059458,wheat
28.69331555,59.97943297,6.976582042,97.92564513,wheat
24.26818049,52.09864128,6.3492459,95.83816153,wheat
25.41082075,57.40584681,6.535456802,92.06522861,wheat
29.83448534,52.92281,6.193914417,79.23405577,wheat
21.43816465,58.82464004,6.410775773,128.8619472,wheat
30.34034318,51.68419575,6.841239388,90.20001424,wheat
22.40555923,57.23637673,6.68765778,162.8889752,wheat
22.66469526,51.51783824,6.298165084,145.3105423,wheat
27.74080015,56.38574223,6.02697455,111.3764672,wheat
30.85454844,57.48603099,6.932325656,86.40096727,wheat
27.94020348,58.04350805,6.761467373,103.0601137,wheat
25.58747374,53.56736054,6.506045777,156.9663176,wheat
21.96790926,55.48066752,6.109296604,103.8796274,wheat
28.13171727,51.23308614,6.332155515,140.9134931,wheat
32.83179905,57.8682587,6.901257558,128.889532,wheat
28.97274022,60.50275586,4.800908436,186.5498269,tea
21.61299778,56.89640445,4.919827153,201.1799222,tea
26.71554771,56.28765802,4.993036384,151.3875598,tea
27.36559349,62.74215557,4.606762414,192.9191932,tea
21.00527346,60.77131372,4.772296297,230.6059422,tea
28.87307446,58.33021692,4.519362251,239.3774182,tea
25.25360803,62.32168144,4.937445982,238.5986386,tea
23.29235578,56.92431128,4.619441417,229.8478065,tea
27.16935877,61.43782383,4.586794581,168.5259941,tea
22.06389813,64.90015786,4.587211525,155.4178681,tea
27.64363393,61.78526032,4.789560952,211.4984132,tea
21.77257982,57.36551598,4.852144255,164.8080603,tea
21.14788645,60.59493367,4.538276284,242.7375694,tea
23.42065805,62.80335017,4.52906137,207.9346869,tea
23.49211409,55.50981676,4.571921666,248.0127192,tea
21.9348235,63.90516342,4.832617563,249.4180906,tea
24.0028517,64.15172749,4.585519314,205.6436271,tea
23.03270612,58.77109509,4.688463852,243.5264931,tea
23.34008469,62.36487289,4.640843481,190.8030418,tea
25.69642083,64.47737389,4.804786385,248.6454371,tea
22.50457269,61.89100336,4.903372634,245.8787983,tea
26.14390845,63.48370129,4.559542615,165.9686138,tea
25.80495055,55.00985779,4.789734437,220.2481622,tea
26.66413203,61.00949554,4.524595296,195.2644515,tea
26.1454261,63.23452521,4.669570248,235.3354816,tea
24.16451828,56.79991063,4.921436311,235.9374819,tea
21.65594823,61.76715279,4.655763696,241.5411477,tea
22.35753322,56.8091977,4.735721002,151.5420229,tea
21.96202221,62.1370184,4.859898552,247.9849425,tea
21.10407321,57.50157537,4.971982923,243.6025436,tea
27.44758956,63.69135557,4.658126343,218.3234174,tea
21.68623299,55.48736922,4.5025967,156.5019951,tea
23.37388862,56.70918388,4.97103203,210.8450939,tea
21.97467801,55.14035851,4.636239117,155.5288113,tea
22.96228267,56.04805635,4.918981763,156.1374967,tea
23.26790447,59.02050697,4.510646819,187.2409307,tea
22.24106122,62.85507946,4.553135524,244.6364888,tea
22.63639552,58.32292132,4.512978813,209.8447099,tea
22.43163359,60.43807179,4.588707438,193.10972,tea
25.08481552,64.29997775,4.710750607,173.9597671,tea
26.28259087,58.03195649,4.728712582,183.5504823,tea
22.11748525,64.12712782,4.842597238,177.6582205,tea
24.57238439,56.50279108,4.697892434,239.435644,tea
25.08757528,60.95161755,4.922258647,168.8599817,tea
21.72328562,61.19266527,4.848392144,164.9584071,tea
23.34518123,55.7987668,4.84523927,207.0690528,tea
25.7651492,55.18131159,4.562853017,181.3792303,tea
27.57410935,59.30493164,4.888876453,229.527211,tea
26.74935754,57.82609505,4.604537632,186.2506936,tea
23.56110792,58.64932753,4.621923702,213.4530574,tea
26.09137527,62.17607087,4.941233385,188.1757882,tea
21.31615361,63.99928025,4.5280571,216.1093103,tea
26.62272203,62.55859662,4.922470856,181.1012809,tea
26.38807394,63.31950813,4.579477415,228.1585451,tea
25.32490809,55.66081535,4.633435925,246.4004033,tea
21.54495141,55.0685244,4.938014641,221.6872243,tea
22.1183518,63.70365465,4.844953467,185.2815085,tea
26.16211094,61.97787559,4.911637119,227.9964223,tea
24.92053971,57.57147398,4.935978207,246.7881984,tea
25.95045898,57.85413835,4.880839873,239.653142,tea
24.63301639,57.46002044,4.831051099,196.3929842,tea
24.82876708,59.91018098,4.83559204,241.371506,tea
28.63272314,61.42790049,4.762332881,228.3346634,tea
27.88531124,64.56730457,4.562971903,236.1903173,tea
22.95649075,63.8120111,4.929663336,232.0792469,tea
23.43413634,58.74017179,4.856532429,154.4017889,tea
25.81561019,61.37751661,4.907115439,170.8665609,tea
22.82587592,61.79043699,4.885462602,170.1582771,tea
27.43109952,64.57668344,4.789136792,224.6921507,tea
25.49583067,63.75560295,4.667711473,191.8480038,tea
25.23330096,61.7974651,4.612578977,200.4758668,tea
25.37964719,58.53509654,4.967554099,155.8722042,tea
24.49615147,55.39114587,4.9940762,244.9762415,tea
22.21957062,62.75839766,4.959787104,151.012989,tea
24.35912895,59.09236649,4.75307832,176.4064162,tea
22.97874764,58.6037806,4.769261359,244.4469947,tea
28.68448867,62.02982437,4.697778558,179.0622137,tea
25.48662848,61.7437838,4.933758228,190.0583321,tea
24.58711374,55.79821052,4.7956601,187.2205321,tea
27.16597098,58.21527912,4.750591271,153.199434,tea
23.14542227,63.21390458,4.510812068,174.9286235,tea
23.0978878,58.27703336,4.809708367,242.5840596,tea
25.00948256,62.15526779,4.547006971,210.8341183,tea
21.05138829,62.2083503,4.926585137,222.6514978,tea
21.60764431,62.21291774,4.826208676,223.1767951,tea
24.32719167,55.84027641,4.956920312,202.281286,tea
23.17241347,57.27057336,4.966652074,191.6467782,tea
25.52732531,60.54989237,4.529971744,248.3276786,tea
27.20376501,61.33330267,4.56939015,185.8214899,tea
27.18322079,56.97878739,4.584185032,222.5623406,tea
22.33596032,62.21735425,4.960493019,202.7590728,tea
25.56004209,55.05834563,4.83529333,247.1716684,tea
24.05775804,58.71079757,4.57072475,205.6346664,tea
27.59571441,57.56746527,4.908469428,179.5213033,tea
21.27072766,57.31785638,4.557047544,198.6421842,tea
26.28182526,62.25823483,4.541489179,199.2348307,tea
22.98078406,61.52453952,4.849309052,155.1002465,tea
26.20075207,64.98556519,4.619012059,188.0693552,tea
26.10860148,64.38723123,4.788282676,179.4804049,tea
24.37323193,58.85450806,4.93413003,179.1352379,tea
45.38352611,12.81876216,5.932240602,45.7523396,millet
45.12259476,13.87064234,6.484499631,38.19865734,millet
41.83652013,13.37757959,6.959946447,48.42160918,millet
45.24994923,11.49326561,7.534578201,35.19431212,millet
40.31763988,12.85586494,7.568202493,44.21309767,millet
45.99873995,13.10201951,6.76920064,37.96716357,millet
43.43755917,10.20357223,7.811359215,36.61361235,millet
49.51043695,11.22912477,6.700555932,48.49348171,millet
43.30667836,11.77588145,5.783503945,39.10973483,millet
45.19657149,12.2158747,7.050946209,41.83810956,millet
41.1918356,14.48979781,5.973094368,38.99785201,millet
43.34991463,13.70360342,7.571945841,42.97811956,millet
49.87673602,15.49100816,6.912345828,39.40150564,millet
40.44240021,11.93478976,6.144431259,42.85228483,millet
43.06789439,15.35182165,5.950113412,48.81272971,millet
48.50763857,10.98982094,6.933461558,49.57322707,millet
44.15239311,11.7520485,6.902881054,48.81060057,millet
43.4095322,13.02275209,7.682452698,48.53707635,millet
46.46106813,10.49877523,6.930533723,47.28103458,millet
48.4240046,10.09410906,5.699411827,45.34961336,millet
47.80136389,11.19576631,6.429415662,44.93497124,millet
47.31098623,11.84956674,7.778027395,44.36751704,millet
40.42716839,14.11184194,6.194821258,41.60227033,millet
40.898423,11.44708224,6.789839515,44.7921064,millet
44.12226723,14.2759221,6.73398071,42.18667806,millet
42.73357643,14.82902619,7.037725215,43.50850561,millet
40.20388328,12.20664416,7.992859092,45.95696539,millet
40.13607173,15.25265205,5.615310268,35.47153383,millet
49.75607785,11.86226218,6.466714498,41.79590493,millet
43.93224402,12.37513875,7.872163956,43.79481255,millet
44.04055886,11.06905071,6.95736224,48.27311688,millet
49.61514501,15.33215292,5.731734188,39.78082213,millet
40.39941626,14.146757,6.306972947,43.68493722,millet
40.1546,10.57269602,6.076911641,40.21760436,millet
44.06757102,10.65747963,5.635006473,35.4347949,millet
46.14731883,12.21381384,7.216420018,46.06744344,millet
46.42017709,14.91813537,6.700459205,40.96391853,millet
42.96150158,13.20674411,7.445298773,44.89945087,millet
48.13355759,10.12391552,7.842984105,47.1163263,millet
44.29982099,10.08689038,6.842972154,48.08258327,millet
44.08530559,14.98193344,5.809661553,38.89011641,millet
41.27589067,11.3517338,6.432162184,40.44662963,millet
49.08184524,12.21658122,7.060679689,48.8217795,millet
44.67292003,15.39053375,7.926295426,41.67104849,millet
46.55001415,12.14300827,6.595995311,49.42205338,millet
44.22336093,13.75835809,6.290580352,40.70878489,millet
46.77775839,15.22339767,6.725589656,39.41925519,millet
45.6374671,11.19524988,7.341612619,36.522037,millet
40.20716241,15.23034852,5.998226799,43.46383783,millet
41.77277819,13.99342761,5.739825857,47.73897129,millet
42.734953,10.92249557,7.807061597,39.24284556,millet
45.10663268,10.62509408,6.403198628,46.87113258,millet
41.48692887,14.39693316,5.723148495,45.35455961,millet
40.48200586,13.15089404,5.915422023,38.04847719,millet
49.28474862,13.36601682,7.756610886,47.96847506,millet
41.52268511,11.82784658,7.157569534,39.98271574,millet
41.72885654,15.24298284,5.626288256,43.62701068,millet
44.05589427,13.99241334,6.335715911,35.19407768,millet
46.10006092,12.8617614,7.786521887,49.41114147,millet
41.09196785,11.99457876,6.056057095,44.19796231,millet
45.11604889,10.97597718,6.219666635,48.80763104,millet
47.43602009,15.00651263,7.316562005,42.91170851,millet
43.23043616,14.61906656,5.787205654,41.10898552,millet
42.72931618,15.33494645,6.308041494,41.37464257,millet
47.17536994,13.13000889,7.052476766,38.15003963,millet
45.01717421,10.34278151,6.570755206,39.14138782,millet
42.78552372,13.08763509,6.20190161,38.26134496,millet
49.91822378,12.53951867,6.821803658,41.12093404,millet
42.38178521,10.62689664,6.483166429,48.76606134,millet
44.88879793,15.40488033,7.555045168,40.37012963,millet
44.07676357,12.5618229,6.859273031,43.58851949,millet
43.36246175,14.0175366,6.790170067,39.2819445,millet
46.45914417,11.38541276,5.792839269,48.86396451,millet
49.72934792,10.68779921,6.222054133,42.19718993,millet
42.86390961,14.96648096,6.625793605,41.69717064,millet
45.12105633,12.86515141,7.671071122,40.69914027,millet
41.6776823,14.93295201,5.931055963,44.47109466,millet
46.8928142,15.44314248,5.980821953,44.9082887,millet
44.97228167,11.19894882,7.729003585,46.07951303,millet
44.56609859,12.04319517,5.815280532,45.47689818,millet
47.62660416,14.02856794,7.847058041,35.66404116,millet
42.96802078,12.11380828,7.488781118,42.4892623,millet
46.57247892,11.70405493,5.976833314,35.57642505,millet
47.57373777,12.77831421,7.438667344,36.74607697,millet
41.48407529,12.54385579,6.14261474,39.14722427,millet
43.92574093,12.13217106,7.022698665,38.37178316,millet
49.47097243,10.03699714,5.712242811,37.86881506,millet
43.79902948,14.78016453,6.533612513,40.80521556,millet
49.43265615,14.16331094,7.64917813,38.88227816,millet
43.4420885,14.17417993,7.948306898,41.07054193,millet
49.10462823,12.13177603,6.295161269,36.20042754,millet
48.63447551,13.8657846,7.162237183,47.68925213,millet
44.38307214,13.65128468,7.475501016,38.96962965,millet
40.92030901,10.0340484,7.567840029,44.22161999,millet
48.7952637,10.50313106,7.881370998,39.09945134,millet
43.52038668,13.26718427,7.154692752,40.1026225,millet
47.03538939,11.84530491,7.808002381,41.31443237,millet
48.44654619,10.88759897,5.803526182,38.5207736,millet
46.50038918,12.44150499,7.686214156,47.05551318,millet
46.51582225,11.44218515,6.69891702,49.68143256,millet
22.61359953,63.69070564,5.749914421,87.75953857,maize
26.10018422,71.57476937,6.931756558,102.2662445,maize
23.55882094,71.59351368,6.657964753,66.71995467,maize
19.97215954,57.68272924,6.596060648,60.65171481,maize
18.47891261,62.69503871,5.970458434,65.43835393,maize
21.77689322,57.80840636,6.158830619,102.0861694,maize
25.6217169,66.50415474,6.047906679,105.4654703,maize
25.19192419,66.6902901,5.913664501,78.06639649,maize
20.41683147,62.5542482,5.855442401,65.27798457,maize
24.92162194,66.78627406,5.750254943,109.2162279,maize
23.31689124,73.4541537,5.852607099,94.29712821,maize
24.84016732,68.3584573,6.472523287,74.05474936,maize
22.27526694,58.84015925,6.967057762,63.87020584,maize
18.87751445,65.76816093,6.082973754,94.76189431,maize
25.19008683,60.2001687,5.919045532,72.12375573,maize
18.25405352,55.28220433,6.204747653,63.72358154,maize
24.6129118,70.4162444,6.600827017,104.1626147,maize
25.1420613,65.26185135,6.021902237,76.68456006,maize
23.09348056,60.1159381,6.033550195,65.49730729,maize
18.05033737,62.89366992,6.28886807,84.23613484,maize
24.9321581,73.80435276,6.550563823,79.74078719,maize
18.14710054,71.09445342,5.573286437,88.07753741,maize
18.28362235,66.65952796,6.829199275,80.97573281,maize
18.83344471,58.75082029,5.716222912,79.7532896,maize
25.71895816,67.22190688,5.54990242,74.51490791,maize
25.33797709,68.49835977,6.586244581,96.46380213,maize
23.89114571,57.48775781,5.893093135,102.8301942,maize
21.53574127,71.50905983,5.918263801,102.4852929,maize
23.08974909,63.10459626,5.588650585,70.43473609,maize
25.61707368,63.4711755,6.576418207,108.8303762,maize
21.44526922,63.1621551,6.178056304,65.88951188,maize
18.51816776,55.53128131,6.641906353,90.988051,maize
22.53510514,67.99257471,6.489040367,64.40866039,maize
23.02038334,61.89472002,5.680361038,63.03843397,maize
24.89364635,65.61418761,6.625404348,87.9298085,maize
25.77175115,74.089114,6.524478032,107.4931917,maize
19.39851734,62.35750641,5.696205468,60.95197486,maize
21.54156232,59.64024162,6.803931519,109.7515385,maize
23.79746068,74.82913698,6.252797548,91.76337172,maize
18.9802729,74.52600826,6.092725883,94.26249353,maize
24.10859207,73.13112261,6.234330356,71.07562236,maize
24.7947077,70.04556743,5.722579819,76.72860067,maize
21.63162756,60.27766379,6.430616465,69.21803098,maize
25.37548751,57.21025565,5.983952675,101.7004306,maize
22.21738222,72.85462807,6.80163854,106.6213157,maize
20.58314011,69.00128641,6.499936446,66.29390357,maize
24.87502824,68.74248334,6.265564338,91.26056654,maize
20.03728219,56.35606753,6.727303282,109.024141,maize
25.95263264,61.89082199,6.325235159,99.57981207,maize
19.28889933,65.47050802,6.807487794,71.3195307,maize
20.57981887,65.34583901,6.671085817,78.34604471,maize
24.71417533,56.73426469,6.648725327,88.45361858,maize
20.27317074,63.91281869,6.439071996,62.50351892,maize
18.41932981,64.23580251,6.474476516,76.41312437,maize
23.39128187,61.74427165,5.871647806,107.3198135,maize
19.84939404,61.24500053,5.730617109,100.7689246,maize
21.869274,61.91044947,5.850439831,107.2681929,maize
22.8056033,56.50768935,5.791649933,101.5952794,maize
19.0781471,69.02298571,6.740000688,80.72515943,maize
22.02720976,65.35549924,6.272417541,83.73280082,maize
23.80546189,59.24537979,5.715208817,89.9622014,maize
18.52510753,69.0276233,5.773454729,88.10234397,maize
23.50297882,61.32026065,5.584171461,64.77791424,maize
26.54986394,72.89187265,5.787268394,73.33636055,maize
19.29563411,69.63481219,5.77597783,83.21030571,maize
20.68899915,59.4375337,6.864793607,103.651438,maize
19.32666088,68.034493,6.192360003,84.22969177,maize
24.60532218,73.58868502,6.636803223,96.59195302,maize
22.27373646,59.52193158,5.826426917,67.96704792,maize
25.70196694,61.33450447,6.960358276,83.20711308,maize
19.20129357,68.30578978,6.11275104,87.85092352,maize
21.70181447,60.47470519,6.708446922,95.71388473,maize
20.51716779,59.21235483,5.561510732,67.61013737,maize
23.30355338,73.62548442,5.873242491,97.59081274,maize
24.2547451,55.64709899,6.995843776,64.23845455,maize
24.86374934,65.7420046,5.714799723,75.82270467,maize
22.6265115,65.77472881,6.78073637,88.17251033,maize
18.04185513,60.61494304,5.513697923,104.2321615,maize
23.26237612,72.33125523,5.798423908,67.10225139,maize
22.88330922,71.59722446,6.352471866,67.72777298,maize
25.97482359,69.36385721,6.822586546,103.2234212,maize
26.14384005,66.20569924,6.655426355,107.2361366,maize
18.66116213,61.55327249,6.121294041,75.03247667,maize
25.10787449,55.97732754,5.790770203,78.16077693,maize
23.33844615,59.24580604,6.47444292,105.0083144,maize
25.08239719,65.92195844,6.455116637,62.49190812,maize
25.36768364,72.52054555,6.606984086,107.9124111,maize
25.34217103,63.31801994,6.330554389,74.52082026,maize
25.00933355,67.816568,6.528631266,62.91359494,maize
18.66746724,71.516474,5.721667141,69.93293255,maize
20.37999665,63.73849998,6.644205485,108.5054416,maize
18.09300227,72.61024172,6.376651091,78.96159541,maize
26.16985907,71.96246617,6.247040422,79.84925393,maize
18.65396672,61.37879671,6.656730008,93.62039175,maize
26.07470121,59.37147589,6.2048017,85.75692395,maize
18.92851916,72.80086137,6.158860284,82.34162918,maize
23.30546753,63.24648023,6.385684214,108.7603001,maize
18.74826712,62.49878458,6.417820493,70.23401597,maize
19.74213321,59.66263104,6.381201909,65.50861389,maize
25.73044432,70.74739256,6.877869005,98.73771338,maize
28.05153602,63.49802189,7.604110177,43.35795377,lentil
19.44084326,63.27771461,7.728832424,46.83130119,lentil
29.84823072,60.63872613,7.491217102,46.80452595,lentil
21.36383757,69.92375891,6.633864582,46.6352865,lentil
26.28663931,68.51966729,7.324863481,46.13833007,lentil
22.17499963,62.13873825,6.410441476,53.46622584,lentil
26.57597546,60.97876599,7.836719564,50.89110726,lentil
26.58972517,66.14007674,6.139215944,50.90994463,lentil
19.1345771,62.57526895,6.590571088,36.46946971,lentil
28.75273118,69.15640149,7.286049978,35.15426171,lentil
25.78746268,60.2816298,6.058306161,49.14337177,lentil
23.89271875,61.78779413,6.658605362,52.55730112,lentil
28.67408774,63.18832976,7.299360767,42.96018627,lentil
28.42062847,61.77336343,7.815210661,49.02366803,lentil
21.35499456,62.60136323,5.925391795,41.78219834,lentil
21.12695586,63.18738532,6.403683619,38.71834464,lentil
24.02037872,61.62313345,7.397546271,49.78102578,lentil
25.40474421,65.8567539,7.722335992,51.92057267,lentil
29.03017561,64.49166566,7.475926645,54.9393771,lentil
20.21368219,68.65257685,6.887130053,50.89732989,lentil
29.19585548,68.01965728,7.441976825,44.93261911,lentil
18.29783597,69.6897615,7.629910253,49.39111479,lentil
27.41434987,63.41785982,7.336117221,44.43177543,lentil
24.84063998,60.09116626,6.75020529,48.77790371,lentil
29.94413861,67.31323084,7.52178027,40.37113729,lentil
25.87990287,67.55109024,6.347379185,47.89645224,lentil
20.0467711,65.84395319,7.135251532,46.05333124,lentil
22.99451999,66.70897237,7.670178119,54.49044154,lentil
25.13163619,66.92642362,7.399749291,49.04015558,lentil
28.49584395,62.44616219,7.841496029,53.14531023,lentil
18.28766124,69.48515056,6.254216611,48.60449438,lentil
24.38041875,61.18458224,6.868881708,53.13946695,lentil
21.31852148,66.43934593,7.320514721,45.42616802,lentil
18.54141834,62.70637578,6.296976913,44.07819743,lentil
25.28710601,60.85993533,7.241151936,49.37369982,lentil
25.43459777,69.12613376,7.685959305,41.02682925,lentil
28.83600962,69.76112921,6.890760124,44.08562546,lentil
27.37659643,63.93927841,6.155915975,49.47371773,lentil
28.31886863,60.19461399,6.167855382,45.36521251,lentil
27.4818649,62.04814951,6.861640036,37.81123974,lentil
18.28072173,68.10365387,6.978361689,48.80253285,lentil
27.61204997,69.29786244,7.043160241,42.72374404,lentil
23.43974653,63.22011726,5.94239222,45.40277297,lentil
20.95628486,63.68128841,7.239455147,52.39881209,lentil
23.7937153,68.03209183,6.516317561,49.73922097,lentil
22.6371424,65.44544859,6.233269045,38.30411077,lentil
21.53577883,65.47227704,7.505283615,35.75107592,lentil
29.87854588,65.73085206,6.950300686,44.95654782,lentil
25.2653291,67.10004577,6.958054839,48.33941188,lentil
25.17885316,68.93307305,6.54803469,35.03484812,lentil
24.12192608,61.09533545,6.461618577,44.23629285,lentil
23.33565221,67.40460704,7.065264073,36.18678721,lentil
21.74600081,63.39503184,6.765091462,50.43306085,lentil
27.60195453,63.46170674,5.91645379,54.37814199,lentil
24.388717,62.50453062,6.711341147,47.26052494,lentil
24.98287462,66.895409,6.379881442,38.21370568,lentil
28.234829,69.3159965,6.313284268,35.36831423,lentil
26.03026959,69.55863145,7.393210848,37.11395801,lentil
28.04849594,64.07691942,7.504930973,37.15824966,lentil
24.87425505,64.00213929,7.198076286,48.28137482,lentil
23.97081395,62.35557553,7.007037515,53.40906048,lentil
20.06003985,67.76252583,6.677262562,42.89509057,lentil
19.59221047,61.28633405,6.74398035,41.7704893,lentil
29.77013109,66.29327012,6.547361618,35.69674138,lentil
27.52135365,60.53657684,6.551577598,48.06491307,lentil
25.62896213,63.14909763,6.585020303,45.49683991,lentil
20.39078312,60.47528931,6.924042372,53.31508572,lentil
25.39038396,60.4989659,7.437373666,39.18374505,lentil
24.91079638,60.71367427,7.142611056,42.19740397,lentil
27.70496805,63.20915034,7.74672376,37.46160727,lentil
18.06486101,65.1034354,6.300479414,51.54922825,lentil
18.13027797,62.45851612,6.078724107,50.6128521,lentil
23.82723528,67.89815262,6.76660668,46.90725077,lentil
23.19305333,62.74710773,7.641024177,49.55213308,lentil
25.08966129,68.17543102,6.559681838,41.45486619,lentil
25.86928193,61.88321072,7.072923306,36.68284038,lentil
18.43966037,68.05394959,7.732194788,39.00992137,lentil
27.14911056,67.02664337,6.157782589,52.50812701,lentil
23.33375853,64.50515776,7.240988401,47.01510708,lentil
26.7230014,62.96841833,6.898905799,42.87274897,lentil
19.55750776,64.45268309,6.818681086,53.04669416,lentil
26.13708256,66.7729209,6.261937875,46.48280681,lentil
27.99990346,65.57653373,6.493036868,49.94043064,lentil
29.05941162,62.10652364,7.042474679,36.5011366,lentil
25.71269843,64.1123333,7.692013657,50.17067771,lentil
21.79792649,63.73086065,6.250994223,46.62370222,lentil
24.70626432,60.26854183,6.052184881,53.12442925,lentil
20.94981756,65.8108757,7.002216044,44.23913012,lentil
24.84918386,68.98088448,7.272427638,41.61080544,lentil
21.91041045,65.21662467,5.962001484,36.10211371,lentil
25.93381964,68.70533022,7.080506001,51.02372773,lentil
29.82112112,69.4073209,6.593798387,51.56461082,lentil
27.52185591,63.13215259,7.28805662,45.20841071,lentil
27.99627907,68.6428593,7.32710972,46.10585191,lentil
20.76774783,63.90164154,6.366355781,47.9271552,lentil
23.05276444,60.424786,7.011121216,52.60285259,lentil
21.65845777,63.58337146,6.280725549,38.07659414,lentil
26.25070298,67.62779652,7.621494566,40.8106299,lentil
20.97195263,63.83179889,7.630424083,53.10207889,lentil
23.89736406,66.32102048,7.802212437,40.74536757,lentil
25.52468965,72.24850829,6.002524871,151.8869972,jute
26.59104992,82.94164078,6.033485257,161.2469997,jute
25.29781791,86.8870535,7.121933579,196.6249511,jute
25.72100868,88.16513579,6.207459637,175.6086697,jute
23.58419277,72.00460848,6.090060478,190.4242157,jute
25.31042337,72.01364411,6.346715209,190.5577618,jute
23.41798979,85.08640476,6.661957897,185.7446728,jute
24.35564134,88.80391021,6.176860192,169.1168028,jute
26.284017,75.14640198,7.251847296,182.2685447,jute
25.13842773,83.12053888,6.386259978,169.3388465,jute
24.88692811,71.91711523,7.319735475,150.2498675,jute
25.75734909,88.36668522,6.025028997,189.4263485,jute
23.12844351,74.68322732,6.344751947,199.8362913,jute
24.9949957,88.95692783,7.02777956,151.4935635,jute
25.21622704,70.88259632,7.299304715,195.8645552,jute
24.39736241,79.26861738,7.014063944,164.2697011,jute
23.31410442,71.4509053,7.488014404,164.4970373,jute
25.72668885,81.86171563,6.626503893,191.9649389,jute
26.96656378,78.21047693,6.239011,169.8391177,jute
23.70467146,74.63745355,6.742688094,181.2783964,jute
24.90075709,73.84186449,6.588017308,153.8990984,jute
23.39605743,72.60512854,7.097586415,174.7876411,jute
26.8748389,79.78725152,6.956682743,173.1017097,jute
23.1426498,74.99739774,7.380396262,151.9035477,jute
24.29496635,77.62976013,6.176618831,184.9800516,jute
24.39459498,89.89106506,6.551130445,197.1220049,jute
25.7629429,80.76238215,6.427726565,174.5071843,jute
25.4879684,84.48235878,6.740947635,168.7848886,jute
25.37122686,76.2403666,6.130136384,183.8270791,jute
26.21312799,81.70476368,6.667633355,180.1237765,jute
24.30748599,78.54340987,6.186814392,186.2337571,jute
23.76554749,87.98329901,6.334837865,150.3166152,jute
24.79853023,78.53037059,7.16214284,162.2847429,jute
23.20683504,74.09956958,7.422318499,199.4766779,jute
23.66805429,70.89000744,6.768001309,184.4633281,jute
25.12417673,85.72530641,6.348441469,159.5718087,jute
23.89069041,83.46409075,6.097294061,167.7230632,jute
23.09433785,81.45139295,6.14132902,196.6587013,jute
24.21744605,82.85284045,7.479248124,166.1365886,jute
24.06475727,71.31342851,6.509174789,153.6390212,jute
24.85441411,74.4407048,6.57256106,175.572958,jute
26.41915161,76.85691248,7.165696848,197.2101782,jute
24.89326318,77.01222585,7.207457208,196.469984,jute
23.25583402,82.7015932,7.124333547,166.2160846,jute
24.7634518,87.06071115,6.463538707,179.1630865,jute
24.97042599,78.62697699,6.856833064,166.6415254,jute
26.12797248,80.49172597,7.132389299,150.6326874,jute
25.97825807,81.65769588,6.235357638,163.3488091,jute
26.2830571,73.35763537,6.704273839,186.6898282,jute
26.38905406,83.31240346,7.433313409,176.1516409,jute
25.2746335,73.7459581,6.109478059,168.0432282,jute
23.09499564,78.45959697,7.095413294,155.3851533,jute
25.79351957,81.76904006,6.352076783,193.2418382,jute
23.17403323,87.88255345,6.658769991,160.6217342,jute
25.63215038,79.95150917,7.051822472,182.2582277,jute
25.848795,87.81661683,7.333143205,152.6194403,jute
26.56767277,80.90424543,6.352771037,181.2915605,jute
26.24532085,72.97198375,7.124050134,189.9711184,jute
26.91515043,73.19897535,6.998787171,177.2233048,jute
24.36972377,82.11319791,6.537914958,159.9210934,jute
25.71901283,79.15532398,7.171054239,187.1735424,jute
25.01157559,88.3313023,7.228268228,169.4168014,jute
25.40785911,76.44048625,7.319952206,188.6372826,jute
23.28081,74.27607475,6.613341343,153.7447398,jute
23.98651719,82.09053379,6.096838784,167.0576456,jute
24.48556447,83.20630007,6.132570523,192.2316221,jute
25.86705009,84.09985284,7.36008498,154.8390847,jute
23.5643831,79.46283115,7.321619041,185.25947,jute
24.2248758,74.89465426,7.175170657,192.4931257,jute
25.49386782,86.97061481,7.299076163,176.5268267,jute
24.97178693,79.47557931,6.842966479,195.7571622,jute
24.80624984,82.09281674,6.356295568,156.3616174,jute
23.16814977,76.66724969,6.508342839,157.1215052,jute
24.25133493,89.86454053,7.098227926,175.1742112,jute
26.58361011,78.00774772,6.310699968,154.8238864,jute
26.82489244,78.20392774,7.093328631,153.9199807,jute
25.49674786,81.13449097,6.691074249,169.9288234,jute
24.09874353,80.57226761,6.187746776,176.8604109,jute
23.18866654,86.20899734,6.491506245,176.103677,jute
26.24347471,78.51063754,6.855362875,183.4065252,jute
23.75091572,71.14782585,7.124571593,160.0889553,jute
26.13871511,79.1188943,6.067302109,171.4892533,jute
26.14576648,71.23690851,6.432051512,193.1007598,jute
26.91643698,73.48655995,6.253408852,171.4716375,jute
26.5232969,77.17331847,7.287318723,157.8548562,jute
23.81579631,80.94023552,7.161865733,190.312216,jute
26.50838667,86.84264005,6.065898283,152.9801697,jute
26.63952463,70.95705996,7.311077075,199.3355744,jute
23.3250131,79.79609448,6.581693772,187.3096148,jute
26.47549543,73.96164569,6.732826127,180.2513601,jute
23.78756036,74.36794079,6.014572075,172.6442654,jute
25.49941707,75.99987588,6.663559451,193.7141828,jute
23.24925555,73.65346838,6.434610995,184.7674863,jute
26.98582182,89.05587886,7.432768147,193.8778713,jute
23.61475336,86.14290267,6.987332927,150.2355238,jute
23.87484465,86.79261344,6.718725189,177.5147313,jute
23.92887902,88.07112278,6.880204617,154.6608736,jute
24.81441246,81.68688879,6.86106911,190.7886386,jute
24.44743944,82.286484,6.7693455,190.9684885,jute
26.57421679,73.81994896,7.26158085,159.3223075,jute
26.33377983,57.36469955,7.261313694,191.6549412,coffee
26.45288458,55.32222678,7.235070264,144.6861336,coffee
25.70822684,52.88667115,7.18915558,136.7325092,coffee
24.12832546,56.18107663,6.431899748,147.2757818,coffee
23.44372334,60.39523266,6.42321105,122.2103248,coffee
23.4123707,52.26994674,6.869720196,139.3670753,coffee
23.05951896,50.40609436,6.973839707,164.4971875,coffee
23.07895447,63.65861483,7.184801627,129.8765443,coffee
27.6496114,51.11044023,6.351823783,122.8392822,coffee
25.46743689,69.35161206,6.392048018,171.3764462,coffee
26.7350622,55.55164819,6.119892347,140.6305213,coffee
26.20811417,52.50987966,6.910823945,189.0944824,coffee
27.0424167,57.27927475,6.501157208,165.6872119,coffee
24.65090184,51.93952357,7.027585559,135.1386537,coffee
27.35152643,55.99375012,7.13411409,148.9812525,coffee
25.17787724,62.26244581,6.647765997,135.0119649,coffee
23.11438731,68.00096043,6.703270635,161.8944624,coffee
27.22783677,52.95261751,7.493191968,175.7260273,coffee
23.26316991,60.5160021,6.724688503,194.1755471,coffee
25.234661,57.53161469,6.043485685,124.2261737,coffee
25.59535262,57.72920846,7.101661011,195.7733251,coffee
25.5674832,60.49244602,7.466900683,190.2257843,coffee
25.67324193,51.29043632,6.877799264,196.2736367,coffee
24.40726724,62.65692638,6.410992833,148.6977358,coffee
23.69287069,66.76090123,7.393825704,144.6576424,coffee
24.53460016,66.99765375,7.482414225,180.5059257,coffee
27.13140403,52.89368299,6.081172981,192.4280381,coffee
27.56088634,68.49299897,6.516312148,167.4358075,coffee
23.59302313,55.27564977,6.043330951,191.3980675,coffee
23.17714381,52.13864034,6.959404135,117.3113562,coffee
24.71384065,51.29142534,7.238109556,197.6439711,coffee
24.38534644,64.72543073,7.234258375,119.6324109,coffee
27.15998538,51.59100753,6.691541233,126.1752206,coffee
26.53543168,67.09608099,6.809593554,120.6494434,coffee
27.01207284,60.76645256,6.485761419,191.4508931,coffee
27.55906475,58.45742907,6.784460602,117.9389993,coffee
23.32293161,53.00366334,7.167092586,168.2644287,coffee
24.23850608,54.30329632,6.73410539,115.1564012,coffee
23.42611644,64.10651528,6.779984384,122.6847408,coffee
26.02241444,55.83288958,7.277422738,176.9020924,coffee
24.83846178,56.7685316,7.21270048,124.4135035,coffee
26.24092174,65.64381357,7.487266991,148.3771202,coffee
24.43011925,66.02411187,7.231166546,181.6368274,coffee
26.00373964,62.1445102,6.559817161,153.477776,coffee
26.22367404,62.26594559,6.979590627,193.7461968,coffee
27.09617155,63.55324262,6.779230041,190.2440566,coffee
25.64004392,61.03273481,6.217974349,199.4735636,coffee
27.74576987,54.36976075,7.205078785,139.8619431,coffee
26.24928198,54.28617819,6.854011265,133.1120232,coffee
26.67377159,52.24226285,6.246872394,156.1543898,coffee
27.10210397,55.7497332,6.911066044,139.5013171,coffee
27.62975458,61.26002598,6.777417989,196.6492664,coffee
27.5364547,55.51673151,6.273741983,130.6377143,coffee
23.56960509,50.56339727,6.906124587,130.3797119,coffee
24.99451759,57.93250202,7.162802357,192.8736822,coffee
27.56441788,54.41094079,6.955787351,177.816092,coffee
23.98143338,61.10935084,6.971963169,161.5279095,coffee
24.22984659,67.37768353,6.840927967,122.4073418,coffee
25.60153969,68.66257977,6.536676653,168.8383605,coffee
24.31274458,53.57285558,6.089443603,184.4103931,coffee
26.36629861,52.25738495,7.456460375,177.3176161,coffee
26.5602777,57.1621814,6.759211911,152.0616227,coffee
26.35034208,58.50650238,7.460174812,121.5586297,coffee
25.20406808,57.88370456,6.652642579,156.1457255,coffee
23.35723208,55.18792166,6.026287448,171.6976946,coffee
23.60567546,59.68849145,6.074190142,185.1568059,coffee
24.18471151,69.94807345,7.045543056,163.2708732,coffee
26.44414097,53.83876189,6.993236001,175.3723314,coffee
26.12492233,63.37479229,6.726528895,147.8035305,coffee
27.77363343,64.47858698,6.937352845,192.7121236,coffee
25.55656667,62.67087838,7.27905689,193.5866233,coffee
27.92374437,67.96910852,7.079850922,115.2325531,coffee
26.05968403,52.31098539,6.136286518,161.3432535,coffee
26.35770906,64.57578034,6.505203696,163.6269496,coffee
24.91370487,54.15319242,7.042089492,129.5481144,coffee
27.31317116,68.4233391,6.348337519,192.4288139,coffee
26.1387869,52.26311691,7.432322234,136.3027766,coffee
23.1069385,67.06230539,6.787658922,162.5769606,coffee
23.52648086,68.44030686,6.743417121,171.8839938,coffee
25.11711046,68.48030408,7.00733163,194.8773479,coffee
24.02952505,58.84880599,7.303033217,134.6803969,coffee
26.70897548,69.71184111,6.861235184,158.8608887,coffee
26.71717393,50.50148528,7.131435858,126.8073984,coffee
24.59245684,56.46829641,7.288211994,137.7044047,coffee
27.51006055,50.66687215,6.983732393,143.9955548,coffee
27.57847581,58.52534263,6.172090205,156.6810374,coffee
26.65069302,57.56695719,6.35118177,145.105065,coffee
26.97251562,62.0183627,6.908671379,142.8610793,coffee
23.17124551,52.97841162,6.766184468,153.1201644,coffee
23.52652084,65.44340921,6.392791654,186.1728203,coffee
27.30901814,55.196224,6.348316257,141.4831644,coffee
27.54823036,62.88179198,6.123796057,181.4170812,coffee
25.627355,57.04151119,7.428523634,188.5506536,coffee
23.29250318,50.04557009,6.020947179,183.468585,coffee
24.91461008,53.74144743,6.334610249,166.2549307,coffee
26.77463708,66.4132686,6.78006386,177.7745075,coffee
27.41711238,56.63636248,6.086922359,127.92461,coffee
24.13179691,67.22512329,6.362607851,173.3228386,coffee
26.2724184,52.12739421,6.758792552,127.1752928,coffee
23.60301571,60.39647474,6.779832611,140.9370415,coffee
24.40228894,79.19732001,7.231324765,90.8022356,cotton
23.09595631,84.86275707,6.925412377,71.29581071,cotton
23.9656349,76.97696717,7.633437412,90.75616738,cotton
24.88738107,75.62137159,6.827354668,89.76050416,cotton
25.36243778,83.63276077,6.176716425,88.43618918,cotton
24.69457084,81.7358876,6.628722836,78.58494391,cotton
25.0017188,80.53965818,7.256877571,96.32600992,cotton
22.45942937,81.30681027,6.443785385,64.23026638,cotton
23.60564038,79.29573149,7.723240151,72.49800885,cotton
24.58453146,79.12404171,5.947448589,71.94608134,cotton
23.0865933,83.55546146,7.227745516,71.84080724,cotton
23.5000992,83.63488952,6.219469084,79.81328183,cotton
24.1472953,75.88298598,6.021439523,69.91563467,cotton
24.69315538,84.84422454,6.253343655,89.799462,cotton
24.484692,84.44932014,6.187455799,90.94342484,cotton
24.49112609,82.24415809,7.057693366,64.02949379,cotton
23.47986888,81.73049149,6.720449769,86.76287924,cotton
24.18586246,76.04203958,6.431689506,69.08056728,cotton
25.00755095,78.17952126,7.453106264,86.06411872,cotton
25.99237426,77.0543546,7.368258226,89.1188212,cotton
23.66457347,81.69105088,7.352401887,99.36898373,cotton
25.66891439,81.38103349,6.652143699,78.59595817,cotton
22.04612876,84.62978302,6.144631795,86.00758678,cotton
22.4204752,84.55794703,7.318802162,93.46595573,cotton
25.03149561,82.21276599,7.954629324,95.0191318,cotton
23.53371386,77.21705554,6.207652157,87.54004943,cotton
22.77076388,82.5993307,6.631005298,81.49543437,cotton
25.49848236,79.9751579,7.306918817,67.05961949,cotton
25.248679,83.4630147,5.898293044,86.55517751,cotton
22.78249615,77.51235009,7.238566893,64.61444234,cotton
23.37044424,77.43198948,7.977651226,71.67870701,cotton
24.86560781,78.22080815,5.983075895,79.56866268,cotton
24.14386157,84.51591287,6.785723961,80.36146974,cotton
25.03300222,79.04368718,7.393441155,97.10087029,cotton
23.65724079,84.47601498,6.486068274,88.54479121,cotton
25.54359718,84.09229796,7.175934962,88.94245493,cotton
22.00085141,79.47270984,7.388265888,90.42224164,cotton
23.64328417,78.1258666,6.10539819,80.96157332,cotton
23.96436009,78.02763149,6.419536555,84.63148859,cotton
24.65425757,75.6350708,6.307585854,61.82980133,cotton
24.3017998,84.87668973,6.93221485,65.0247867,cotton
24.29144926,81.02453404,7.810865753,90.41694635,cotton
24.29470232,84.61527627,6.527541661,81.05902285,cotton
25.72180042,81.19666206,7.569454601,99.93100821,cotton
24.87663664,76.30050373,7.041065585,91.9223468,cotton
22.60612115,77.34264002,7.208795456,75.13617229,cotton
23.86814008,75.68339729,6.814341946,90.4547185,cotton
23.41022496,76.43836957,7.442217061,78.82199603,cotton
24.96440768,81.31677618,6.854558957,80.03995829,cotton
25.16820129,80.30351815,7.884550475,84.62419032,cotton
22.72767171,77.07598065,6.006085786,77.55176318,cotton
22.45145981,76.25674874,7.432043735,86.84998693,cotton
23.04920461,75.53835214,6.498052108,70.65644296,cotton
25.29250148,75.66653335,6.205263534,62.64174227,cotton
22.95604064,82.33733678,6.360812227,66.48339303,cotton
22.80213132,84.14668447,7.046607434,91.6389565,cotton
23.54234715,75.98203329,7.947011366,84.12536744,cotton
24.41212325,80.80343786,6.281913858,98.60457373,cotton
22.94276687,75.37170612,6.114525877,67.08022574,cotton
25.53676123,81.13668716,6.753978061,95.4262599,cotton
25.32023717,81.79475917,7.425041316,83.46532547,cotton
22.426733,81.53480799,6.745104394,65.54475812,cotton
25.78544484,75.00539324,7.641116569,91.39578861,cotton
25.68959532,77.90621048,6.470135478,66.19426787,cotton
22.14593688,82.8597549,7.091992365,60.65381719,cotton
25.07278712,82.50257909,6.520403794,93.51042684,cotton
22.21506982,76.17851932,6.127939628,70.40557612,cotton
23.9643129,76.59175937,7.994679507,76.13090645,cotton
25.40059227,76.53237965,7.524707577,62.5138867,cotton
23.7805123,83.03878838,7.827877818,66.26555904,cotton
24.16402322,76.7433897,6.436691764,61.94626051,cotton
25.31468463,77.91757121,5.907930899,72.82902109,cotton
22.60361557,80.3509046,6.135025006,88.57395505,cotton
22.9535715,78.71555832,6.044556594,99.75336197,cotton
22.74446976,80.41198458,7.59781958,90.07326633,cotton
23.80834611,83.91902605,6.691268104,70.97358303,cotton
25.46228792,81.56641891,6.175492306,76.88582484,cotton
25.96779712,81.97904282,7.272316209,74.14169043,cotton
25.5308271,80.04662756,5.801047545,99.39557151,cotton
24.43847399,81.69801729,6.757457943,60.79645852,cotton
23.03887865,76.47039772,6.983395573,90.64770699,cotton
23.51308653,76.72621429,7.976889498,80.11272117,cotton
22.75805656,76.75768356,6.558902588,97.76600619,cotton
24.71252544,77.7293114,7.979090365,85.24963302,cotton
23.45969093,82.44777468,7.903528673,93.50153555,cotton
25.5503704,77.85055621,6.73210948,78.58488484,cotton
22.08458267,82.82904143,6.691690476,67.06459777,cotton
24.68854799,78.51206972,7.839849298,69.31153566,cotton
25.84997269,84.16855231,6.61448588,77.03421249,cotton
22.46054478,75.40989245,7.456971816,71.85436078,cotton
23.65629976,77.52425987,7.2942193,74.8984994,cotton
22.00817088,81.83896111,7.762647875,92.23645249,cotton
24.32630461,80.13456404,6.363406102,69.45072055,cotton
22.92360984,82.68738535,7.63737841,92.91915074,cotton
23.43821725,78.63388824,6.200671976,81.15072105,cotton
22.10718988,78.58320116,6.364729934,74.94136567,cotton
23.03814028,76.11021529,6.913678684,91.49697481,cotton
24.54795322,75.39752705,7.766259769,63.88079866,cotton
23.73868041,75.77503808,7.55606399,76.63669195,cotton
22.31871914,83.86129998,7.288377241,65.35747011,cotton
17.13692774,20.59541693,5.68597166,128.256862,kidney-beans
19.63474332,18.90705639,5.759237003,106.3598183,kidney-beans
22.91350245,21.33953114,5.873171894,109.225556,kidney-beans
16.43340342,24.24045875,5.926676985,140.3717815,kidney-beans
22.13974653,23.02251117,5.95561668,76.64128258,kidney-beans
17.84806561,18.77621951,5.949949081,143.0984171,kidney-beans
19.88394011,20.31564139,5.789214289,60.91974792,kidney-beans
19.32509638,23.3334788,5.581021521,104.7783947,kidney-beans
18.4167001,23.42829938,5.689858133,132.9801054,kidney-beans
21.81167649,23.20591245,5.794158504,130.0608093,kidney-beans
19.72702528,18.28173015,5.748190463,143.7630894,kidney-beans
17.15432954,19.87070659,5.566522896,87.99669731,kidney-beans
19.62207826,18.67170854,5.809419584,144.1567454,kidney-beans
21.63149148,21.17919701,5.887263027,134.3649948,kidney-beans
16.06522754,18.72479695,5.99812453,88.06638775,kidney-beans
20.61162204,24.36314135,5.792744849,69.63833855,kidney-beans
21.42451099,20.39659714,5.912289889,116.5206923,kidney-beans
19.07096165,21.21092266,5.788386951,86.21917578,kidney-beans
21.18853178,19.63438599,5.728233081,137.1948633,kidney-beans
23.0429097,22.42610972,5.833940084,108.3684316,kidney-beans
20.65375833,23.10538637,5.967533236,67.71768947,kidney-beans
18.09551014,18.29318436,5.625096446,144.7902323,kidney-beans
18.23775702,21.07643273,5.515615023,69.44951585,kidney-beans
17.48189735,18.8251973,5.954665349,121.9401369,kidney-beans
19.9191786,21.47324158,5.74644777,82.68554379,kidney-beans
20.27514686,23.2353604,5.877347515,139.7521543,kidney-beans
15.77370214,19.2303162,5.979973965,108.3441414,kidney-beans
16.71170642,19.17651433,5.635993966,96.77285817,kidney-beans
17.66148158,18.15302753,5.635231778,100.6711761,kidney-beans
18.50692825,23.61670065,5.679224346,87.0513289,kidney-beans
24.51324787,20.81527638,5.670062975,64.19497947,kidney-beans
18.87614998,24.54038287,5.724242065,105.4120514,kidney-beans
21.59343016,20.31871249,5.811314232,61.13872036,kidney-beans
20.12373284,24.45202552,5.783425416,106.158201,kidney-beans
15.43546065,18.37477907,5.607808432,139.0302034,kidney-beans
22.64236876,21.59396123,5.946999529,122.3886015,kidney-beans
21.98560799,24.87304788,5.852046999,129.5650601,kidney-beans
20.53052663,18.09224048,5.824090984,120.4509288,kidney-beans
15.78601387,21.14544088,5.502999119,95.17028129,kidney-beans
19.6365349,19.68751084,5.821649914,96.65888933,kidney-beans
20.57341244,19.7520218,5.711439256,87.87869161,kidney-beans
20.16080524,24.84207559,5.514927264,138.2362122,kidney-beans
21.53989176,24.25386207,5.99616119,120.6913038,kidney-beans
15.53834801,23.75560241,5.695422863,107.3850593,kidney-beans
19.91853092,20.70099804,5.833010958,108.6434544,kidney-beans
20.76952209,18.93146941,5.568456899,109.0193712,kidney-beans
23.46168338,23.22197648,5.645435626,95.84253438,kidney-beans
24.32116642,21.0278674,5.821194486,60.27552528,kidney-beans
20.12574053,24.96969858,5.659254981,100.0497183,kidney-beans
21.80619564,18.57086554,5.945465949,125.0972687,kidney-beans
19.52226241,24.92607153,5.951177452,113.334026,kidney-beans
17.00067625,19.90790546,5.520880014,103.2926407,kidney-beans
16.78791503,24.96881755,5.578410206,75.45328039,kidney-beans
24.84906168,22.89464642,5.608165195,62.21292186,kidney-beans
16.51783455,20.4555596,5.609435128,98.77794225,kidney-beans
18.15300153,19.38602098,5.509295379,107.6907964,kidney-beans
23.18864385,22.3104551,5.902033406,63.38208822,kidney-beans
23.38002569,21.98879437,5.744117663,87.66898664,kidney-beans
18.358923,19.37703396,5.717143397,138.414764,kidney-beans
19.25975367,20.51346956,5.542690119,94.9533526,kidney-beans
22.95458237,24.03553105,5.858617867,107.7315386,kidney-beans
20.120043,22.89845607,5.618844277,104.6252153,kidney-beans
21.14011423,22.7182355,5.606620346,141.6056722,kidney-beans
24.92360104,18.22590825,5.582178402,62.7089169,kidney-beans
15.33042636,24.91506728,5.56503533,135.3315583,kidney-beans
18.81097271,21.27833035,5.889614577,125.084915,kidney-beans
23.44260668,22.77255917,5.934136378,107.4137246,kidney-beans
22.8352024,18.97267518,5.683548308,63.59276673,kidney-beans
24.9035819,22.27512704,5.70836603,146.4727237,kidney-beans
23.78709569,24.35679348,5.948164454,119.6404412,kidney-beans
22.05592283,19.60379304,5.774755144,126.7265372,kidney-beans
18.87492997,20.18238348,5.97229163,134.1811718,kidney-beans
18.62328774,23.02410338,5.532100554,135.3378033,kidney-beans
23.00884744,18.86880997,5.669560726,100.118612,kidney-beans
19.33162606,24.13995025,5.655726817,68.51253427,kidney-beans
16.24469193,21.35793891,5.591704014,66.97053257,kidney-beans
17.91652287,24.90814655,5.932323085,69.14681022,kidney-beans
15.46789263,21.43780702,5.824208309,88.88796102,kidney-beans
17.06104474,23.77201471,5.86442953,81.83420522,kidney-beans
21.32776028,18.48522915,5.866744372,109.1013261,kidney-beans
23.90910104,20.74619325,5.706198621,81.60211243,kidney-beans
23.89756791,22.74378977,5.940546818,112.6616435,kidney-beans
22.98666928,20.57940608,5.916779289,143.8584938,kidney-beans
21.35135729,22.91244883,5.779090476,146.4548645,kidney-beans
24.1638445,19.27907819,5.82738029,116.7324324,kidney-beans
24.62835037,18.18325169,5.514234138,149.7441028,kidney-beans
21.02213209,24.93896255,5.662699104,124.6118471,kidney-beans
17.30844532,20.01730914,5.86390397,115.199245,kidney-beans
23.82576704,24.75485098,5.624690248,84.64143632,kidney-beans
19.30607278,23.96362799,5.591560999,129.3449326,kidney-beans
16.03768615,22.33195853,5.976312538,130.3900798,kidney-beans
19.18572809,20.83398341,5.669236258,80.15293435,kidney-beans
19.92889503,21.79992115,5.961934481,64.02640797,kidney-beans
19.56376468,24.67385131,5.690065688,139.2921004,kidney-beans
18.31357543,24.32991649,5.698371311,76.14153904,kidney-beans
20.10993761,23.22323766,5.59503163,73.36386477,kidney-beans
23.60506572,21.90539577,5.525904526,100.5978728,kidney-beans
19.73136909,24.89487354,5.819403771,84.06354115,kidney-beans
20.93409877,21.1893007,5.562201934,133.1914419,kidney-beans
18.78226261,20.24768314,5.630664753,104.2570723,kidney-beans
36.51268371,57.92887167,6.03160778,122.6539694,pigeon-peas
36.89163721,62.73178224,5.269084669,163.7266551,pigeon-peas
29.23540524,59.38967583,5.985792703,103.3301803,pigeon-peas
27.33534897,43.35795962,6.09186275,142.3303677,pigeon-peas
21.0643684,55.46985938,5.624731338,184.6226709,pigeon-peas
30.33276599,42.35249879,6.446091759,149.299952,pigeon-peas
31.80130272,45.03186173,5.623490043,147.0361442,pigeon-peas
33.18184225,38.23184742,5.864623352,198.8298806,pigeon-peas
29.38538562,63.47742011,5.761702519,90.05422663,pigeon-peas
30.27374995,67.38680755,4.696518678,127.7767134,pigeon-peas
35.45790488,68.75810535,5.269504214,108.6333046,pigeon-peas
33.80020039,40.03262418,7.445444883,176.6165894,pigeon-peas
28.69180475,49.47225353,5.833031708,96.36222901,pigeon-peas
31.24021696,56.67369054,7.339320929,122.0146733,pigeon-peas
28.98039357,57.23265151,6.347929353,120.7435664,pigeon-peas
27.32198928,34.13737127,4.697750704,96.51524028,pigeon-peas
21.47607807,38.80023714,4.962661422,180.382234,pigeon-peas
18.31910448,34.69776639,4.964887857,107.4721605,pigeon-peas
36.97794384,37.73992903,5.642813116,161.4812963,pigeon-peas
24.80467592,40.1242747,5.6093956,121.5639121,pigeon-peas
19.3479443,55.96805489,4.681576043,194.5921148,pigeon-peas
28.88302142,50.12323801,5.70951224,179.2155874,pigeon-peas
19.54314136,47.19188279,6.413543781,192.4372194,pigeon-peas
24.7741949,50.54621094,6.007508163,114.2821387,pigeon-peas
18.33124824,38.40975482,4.946369874,139.6483317,pigeon-peas
19.14729038,45.3733757,5.517208078,132.7748215,pigeon-peas
28.23416057,49.4421345,5.902103172,186.5008581,pigeon-peas
30.11812084,34.13307843,5.719889876,157.0858232,pigeon-peas
33.4126864,35.42910045,4.548202098,139.6702541,pigeon-peas
24.18553163,46.68746847,6.669529416,177.3377996,pigeon-peas
26.88630675,41.69617915,4.750929218,94.46748008,pigeon-peas
31.33170829,57.97429171,4.946263888,161.7820226,pigeon-peas
33.30711818,67.07780816,5.266227032,108.5090168,pigeon-peas
23.45379018,46.48714759,7.10959773,150.8712202,pigeon-peas
34.53823889,39.04468913,5.617008201,168.5948318,pigeon-peas
19.50112224,34.51086611,5.632353113,197.3752649,pigeon-peas
28.76794904,37.57792132,4.674941549,91.72084869,pigeon-peas
30.97758716,32.24914235,7.161797643,180.716828,pigeon-peas
18.39759147,36.82639309,6.624966131,93.12330644,pigeon-peas
35.09357419,30.98685456,5.004074624,116.9106908,pigeon-peas
34.93174223,30.40046769,6.345806011,159.2649827,pigeon-peas
29.50523036,35.72032498,6.216814453,187.8961851,pigeon-peas
34.51934775,47.52980027,5.921666758,129.0064612,pigeon-peas
28.43430726,52.10010827,6.012719118,147.0414824,pigeon-peas
18.41645629,34.80541039,4.684079249,163.2747473,pigeon-peas
31.07508973,47.19847683,7.077170002,91.31256412,pigeon-peas
20.89342749,46.24856523,6.208843215,195.5697875,pigeon-peas
30.90607799,52.79913039,7.05181629,170.9919828,pigeon-peas
27.9348279,66.45457122,4.722222454,145.3728801,pigeon-peas
35.95176642,36.52780776,6.418062652,136.0456753,pigeon-peas
19.54317155,56.92831399,4.803564468,173.1686574,pigeon-peas
19.63736208,32.31528909,4.608695247,176.4134092,pigeon-peas
31.2192752,56.46868874,5.611510977,129.2028653,pigeon-peas
33.50876355,45.70976142,7.322097972,126.6738117,pigeon-peas
24.80710166,45.01110015,5.023115055,188.4928637,pigeon-peas
36.20970524,31.94550613,5.617122801,191.0658531,pigeon-peas
30.50420876,35.48885969,5.391560418,162.5927723,pigeon-peas
26.01630259,49.94704718,5.906596905,160.3337447,pigeon-peas
31.48469278,35.6395615,6.574209678,100.546816,pigeon-peas
33.15122581,32.45974539,4.807776749,105.0380275,pigeon-peas
23.50222822,51.29019509,4.760038039,192.3023991,pigeon-peas
34.87248659,38.83786012,5.180271502,148.2502786,pigeon-peas
28.09269012,44.93322042,4.895927306,197.1144011,pigeon-peas
24.54757829,57.3414485,6.436160044,118.3606557,pigeon-peas
33.64769646,48.41490082,7.066087261,100.4673278,pigeon-peas
20.5591255,60.54880693,6.655918078,191.0895109,pigeon-peas
19.95991719,59.33157782,5.982854523,195.787103,pigeon-peas
28.87667593,62.4901206,5.457871273,182.2688175,pigeon-peas
36.04353699,43.61444121,4.759490199,159.8938645,pigeon-peas
23.6734328,47.2879691,7.342409555,141.1250722,pigeon-peas
25.74679443,40.7192594,4.820788186,100.7791633,pigeon-peas
31.08564994,66.68832981,6.242052013,175.9303271,pigeon-peas
18.72987676,61.33186249,5.001038726,139.8710041,pigeon-peas
29.50304807,63.46513414,5.560224583,189.5208915,pigeon-peas
20.43517772,39.37252634,4.747352458,137.2279662,pigeon-peas
36.00415838,56.01334416,7.313517308,134.8596466,pigeon-peas
31.46846241,35.39454002,5.661826398,174.5723999,pigeon-peas
36.30049702,56.03021253,4.672437054,101.6073988,pigeon-peas
29.49096726,67.10604388,6.471862118,153.2504506,pigeon-peas
30.5753044,34.75591197,5.384762927,177.5764304,pigeon-peas
24.69487673,59.96669215,5.859813416,91.95792434,pigeon-peas
23.17409556,36.67847052,6.962386495,162.5931264,pigeon-peas
19.04380471,33.10695144,6.12166671,155.3705624,pigeon-peas
29.32379604,45.93248374,6.421748487,165.4113371,pigeon-peas
34.6455408,54.32342534,4.828936119,180.9009998,pigeon-peas
21.9989826,56.31006755,6.98571967,136.8274312,pigeon-peas
22.99774444,60.24218572,4.603563116,159.689339,pigeon-peas
30.55992394,35.29006485,6.979540061,178.8998611,pigeon-peas
31.46417866,48.17631461,7.064973419,165.405354,pigeon-peas
25.95058595,40.58227261,5.16516459,109.1821183,pigeon-peas
21.01142393,69.69141302,5.111488821,185.2039114,pigeon-peas
19.25100056,47.70351758,5.374358869,149.063196,pigeon-peas
19.24462755,50.54495302,5.671419084,180.6465282,pigeon-peas
22.47253208,62.56532471,5.667419697,96.74706956,pigeon-peas
36.75087487,58.25799145,6.07938452,124.6028153,pigeon-peas
29.89286629,66.35375127,6.931924963,198.1403003,pigeon-peas
29.37735586,44.82294584,6.842744374,172.40168,pigeon-peas
29.65052947,42.89833235,6.876572503,186.9226052,pigeon-peas
19.54284889,66.34777265,6.151029296,173.1106982,pigeon-peas
20.04611791,48.93905624,4.567446499,122.4564203,pigeon-peas
17.02498456,16.98861173,7.485996067,88.55123143,chickpeas
19.02061277,17.13159126,6.920251378,79.92698081,chickpeas
17.88776475,15.40589717,5.996932037,68.54932919,chickpeas
18.86805647,15.65809214,6.391173589,88.51048983,chickpeas
18.36952567,19.56381041,7.152811172,79.26357665,chickpeas
20.45078582,15.40312102,5.988992796,92.68373702,chickpeas
20.6543203,16.60820843,6.231049028,74.6631118,chickpeas
17.3348681,18.74926979,7.550808267,82.61734721,chickpeas
18.17912258,18.90426935,7.010570541,81.84997529,chickpeas
18.01272266,18.30968112,8.753795334,81.98568791,chickpeas
20.99373558,19.33470387,8.718192847,93.55280105,chickpeas
19.46233971,15.22538951,7.976607593,74.58565097,chickpeas
19.81344531,14.69765308,6.515499549,78.96514709,chickpeas
18.97424756,19.5161216,8.490127142,80.7108745,chickpeas
18.19737048,14.71070537,6.576415562,70.18185181,chickpeas
18.72963144,19.18197264,6.481783043,71.58010169,chickpeas
20.99502153,19.8601304,7.966605025,73.50734019,chickpeas
20.28155898,16.39535215,8.140825437,82.52339655,chickpeas
17.48042641,15.7559405,7.228963452,66.96980581,chickpeas
20.88818675,14.32313811,6.492546046,90.46228334,chickpeas
17.08498521,16.14565756,7.528599957,71.31007253,chickpeas
20.09340593,15.11279612,7.701446446,85.74904898,chickpeas
17.57212145,14.99927489,8.519975748,89.31050665,chickpeas
19.12065218,18.43475844,6.620900869,85.52950164,chickpeas
18.57665902,19.22008229,8.104396058,72.94940441,chickpeas
17.16606398,14.42457525,6.204090835,72.32667516,chickpeas
18.2872007,16.67921616,6.051091339,74.87445574,chickpeas
19.03025305,18.66725565,7.690962338,94.70992037,chickpeas
17.1418614,17.0662427,7.829211144,83.74606679,chickpeas
17.47809436,17.93253975,6.761599706,78.92060234,chickpeas
20.56601874,14.25803981,6.654425315,83.75937135,chickpeas
17.22385224,15.82069268,6.129533877,76.57580954,chickpeas
19.69141713,19.44225438,8.829273328,91.76071648,chickpeas
17.84851658,19.09172907,8.621662982,76.32470713,chickpeas
18.8202251,16.1074793,8.204862075,89.73119396,chickpeas
17.47500984,16.54314829,6.18042747,93.35034262,chickpeas
18.72649425,17.58406365,7.978996755,81.20176515,chickpeas
18.65580107,16.17772668,7.863113671,81.70769297,chickpeas
18.2356751,19.68538502,6.967843048,83.74879344,chickpeas
18.81198127,15.21618225,6.206582193,77.5429424,chickpeas
18.65054116,17.80852431,8.868741443,77.92798682,chickpeas
20.36720401,16.89574311,8.766128654,82.2545577,chickpeas
18.38120357,16.63805158,8.736337905,70.52056697,chickpeas
17.17012591,17.30457712,8.081095263,72.78624223,chickpeas
19.37101121,15.77458129,6.138243973,85.24819851,chickpeas
17.92845928,14.27327988,7.496645259,85.37378769,chickpeas
19.45339934,18.23490739,8.380185271,75.6317566,chickpeas
19.12829388,14.92241479,6.289614016,89.61857826,chickpeas
19.1034283,17.26184541,6.586777189,75.49101167,chickpeas
17.48504075,16.96070581,6.89655198,86.05078037,chickpeas
19.40751744,18.98030507,7.806747656,80.25064637,chickpeas
20.18649426,19.63719995,7.150681303,78.26039559,chickpeas
17.30287885,15.15405941,6.64919573,75.57790384,chickpeas
17.50361137,15.48083156,7.778591618,72.9446671,chickpeas
18.17234999,14.70085967,6.358740355,90.7760707,chickpeas
17.57445618,16.71826572,8.255450758,77.81891424,chickpeas
20.93175255,18.91295403,6.456148474,78.06910795,chickpeas
19.71098332,17.63879418,6.613072145,85.57925437,chickpeas
19.07937684,17.86754927,8.165359297,69.40619137,chickpeas
18.54988627,16.02542689,7.64867466,76.32565249,chickpeas
18.19903647,17.41333199,6.545888558,80.6405403,chickpeas
18.88852533,14.99451145,7.104224797,80.1113384,chickpeas
18.49311205,14.72115044,7.358099622,91.94595352,chickpeas
19.48974337,17.17260319,6.4740245,87.51312796,chickpeas
17.25769499,18.74943955,7.840339389,94.00287214,chickpeas
19.62416326,18.71483156,7.064790365,88.4585692,chickpeas
20.67526473,19.85388984,7.599033472,84.78344008,chickpeas
20.02381489,16.63294455,6.715587232,68.97806542,chickpeas
20.1187446,14.44228303,6.81712422,88.68168643,chickpeas
20.65691793,15.84572566,7.985417393,65.23811143,chickpeas
19.2582557,14.2804191,7.545258424,65.78042032,chickpeas
17.927806,15.85622899,7.728998197,74.63872762,chickpeas
19.16288268,15.83500655,7.354973451,82.69766829,chickpeas
20.26942271,19.96978871,7.313122235,69.64449182,chickpeas
17.09104223,18.25142068,7.785039076,87.27444866,chickpeas
17.06579293,17.54024066,6.307004923,70.87150577,chickpeas
20.62767492,14.44008871,6.403982316,92.06630306,chickpeas
20.8248451,17.85057083,7.599279991,79.20509212,chickpeas
19.46210401,18.72831993,7.217018459,68.81405149,chickpeas
17.18248372,16.42891834,7.561108006,72.85017344,chickpeas
17.48911699,16.39055394,7.489545074,79.45758333,chickpeas
17.48395377,14.76014523,6.609696734,65.11365631,chickpeas
19.48316794,17.44534641,7.476800943,80.4986291,chickpeas
19.71359733,18.09665739,7.325451279,73.64476535,chickpeas
19.48649305,16.06240074,6.489389282,81.5284269,chickpeas
19.95264829,14.82633099,7.786366322,88.6810311,chickpeas
19.41789736,16.80472243,6.408437886,68.4951189,chickpeas
19.45591848,18.02235902,8.423873703,78.44910564,chickpeas
20.19137759,16.41998269,8.719960893,77.33795356,chickpeas
18.8392908,14.74071856,7.811997977,94.78189594,chickpeas
20.71219282,19.83643308,6.317153205,94.03659867,chickpeas
18.99424448,15.9362937,7.114405288,78.69707199,chickpeas
19.96837462,15.57324389,8.135900726,69.15759062,chickpeas
17.81564548,17.60756635,7.714153038,90.82097601,chickpeas
20.71424384,15.27824066,7.103798069,76.77888672,chickpeas
17.34150229,18.75626255,8.861479668,67.9545435,chickpeas
17.43732714,14.33847406,7.861128148,73.0926704,chickpeas
18.89780215,19.76182946,7.4526709,69.09512477,chickpeas
18.59190771,14.77959596,7.168096055,89.60982451,chickpeas
18.31561493,15.36143547,7.26311855,81.78710463,chickpeas
15.31432322,70.63452457,5.202034467,150.4356546,potato
16.96787575,72.07896464,5.502034467,160.0789687,potato
17.36787891,74.00686754,5.753465983,170.4356546,potato
18.87555674,76.42432561,6.00809765,180.24298659,potato
19.97896874,78.32456465,6.26457783,190.76567985,potato
20.63526567,80.24336472,6.46768867,200.2445657,potato
